_id,SsPic,SsName,Sid,updated_at,created_at
678a04c5ef9e430a93089782,SubService_1737098437.png,Air Conditioner,679dd4b7283bd33ff506ba02,2025-01-17T07:20:37.754Z,2025-01-17T07:20:37.754Z
6790987c5f815d1ff006e922,SubService_1737529468.jpg,Washing Machine,679dd4b7283bd33ff506ba02,2025-01-22T07:04:28.201Z,2025-01-22T07:04:28.201Z
67c06974dd8951a8ed0318e2,SubService_1740663156.jpg,Television,679dd4b7283bd33ff506ba02,2025-02-27T13:32:36.217Z,2025-02-27T13:32:36.217Z
67c069badd8951a8ed0318e3,SubService_1740663226.png,Microwave,679dd4b7283bd33ff506ba02,2025-02-27T13:33:46.998Z,2025-02-27T13:33:46.998Z
67c069ecdd8951a8ed0318e4,SubService_1740663276.png,Exhaust Fan,679dd4b7283bd33ff506ba02,2025-02-27T13:34:36.427Z,2025-02-27T13:34:36.427Z
67c06a51dd8951a8ed0318e5,SubService_1740663377.jpg,Hair Cut & Beard,679dd520283bd33ff506ba03,2025-02-27T13:36:17.449Z,2025-02-27T13:36:17.449Z
67c06a63dd8951a8ed0318e6,SubService_1740663394.png,Facial,679dd520283bd33ff506ba03,2025-02-27T13:36:35.013Z,2025-02-27T13:36:35.013Z
67c06a70dd8951a8ed0318e7,SubService_1740663408.jpg,Color,679dd520283bd33ff506ba03,2025-02-27T13:36:48.428Z,2025-02-27T13:36:48.428Z
67c06a8add8951a8ed0318e8,SubService_1740663434.jpg,Makeup,679dd534283bd33ff506ba04,2025-02-27T13:37:14.633Z,2025-02-27T13:37:14.633Z
67c06a9edd8951a8ed0318e9,SubService_1740663454.png,Hair Cut & Styling,679dd534283bd33ff506ba04,2025-02-27T13:37:34.638Z,2025-02-27T13:37:34.638Z
67c06ab6dd8951a8ed0318ea,SubService_1740663478.jpg,Hair Color,679dd534283bd33ff506ba04,2025-02-27T13:37:58.801Z,2025-02-27T13:37:58.801Z
67c06ad2dd8951a8ed0318eb,SubService_1740663506.jpg,Hair Care,679dd534283bd33ff506ba04,2025-02-27T13:38:26.607Z,2025-02-27T13:38:26.607Z
67c06b13dd8951a8ed0318ec,SubService_1740663571.jpg,Door,679dd565283bd33ff506ba05,2025-02-27T13:39:31.103Z,2025-02-27T13:39:31.103Z
67c06b43dd8951a8ed0318ed,SubService_1740663619.png,MCB & Fuse,679dd57f283bd33ff506ba06,2025-02-27T13:40:19.808Z,2025-02-27T13:40:19.808Z
67c06b58dd8951a8ed0318ee,SubService_1740663640.png,Switch & Socket,679dd57f283bd33ff506ba06,2025-02-27T13:40:40.653Z,2025-02-27T13:40:40.653Z
67c06b79dd8951a8ed0318ef,SubService_1740663673.png,Kitchen,679dd5a7283bd33ff506ba07,2025-02-27T13:41:13.818Z,2025-02-27T13:41:13.818Z
67c06b8bdd8951a8ed0318f0,SubService_1740663691.png,Home Cleaning,679dd5a7283bd33ff506ba07,2025-02-27T13:41:31.289Z,2025-02-27T13:41:31.289Z
67c06ba0dd8951a8ed0318f1,SubService_1740663712.png,Bathroom Cleaning,679dd5a7283bd33ff506ba07,2025-02-27T13:41:52.069Z,2025-02-27T13:41:52.069Z
